Item Name,Minecraft ID String,Minecraft ID #
Acacia Boat,acacia_boat,447
Acacia Button,acacia_button,
Acacia Door,acacia_door,430
Acacia Fence,acacia_fence,192
Acacia Fence Gate,acacia_fence_gate,187
Acacia Leaves,acacia_leaves,
Acacia Log,acacia_log,
Acacia Planks,acacia_planks,
Acacia Pressure Plate,acacia_pressure_plate,
Acacia Sapling,acacia_sapling,
Acacia Sign,acacia_sign,
Acacia Slab,acacia_slab,
Acacia Stairs,acacia_stairs,163
Acacia Trapdoor,acacia_trapdoor,
Acacia Wood with Bark,acacia_wood,
Activator Rails,activator_rail,157
Air,air,0
Allium,allium,
Ancient Debris,ancient_debris,
Andesite,andesite,
Andesite Slab,andesite_slab,
Andesite Stairs,andesite_stairs,
Andesite Wall,andesite_wall,
Anvil,anvil,145
Apple,apple,260
Armor Stand,armor_stand,416
Arrow,arrow,262
Azure Bluet,azure_bluet,
Baked Potato,baked_potato,393
Bamboo,bamboo,
Barrel,barrel,
Barrier,barrier,166
Basalt,basalt,
Bat Spawn Egg,bat_spawn_egg,
Beacon,beacon,138
Bedrock,bedrock,
Bee Nest,bee_nest,
Bee Spawn Egg,bee_spawn_egg,
Raw Beef,beef,363
Beehive,beehive,
Beetroot,beetroot,434
Beetroot Seeds,beetroot_seeds,435
Beetroot Soup,beetroot_soup,436
Bell,bell,
Birch Boat,birch_boat,445
Birch Button,birch_button,
Birch Door,birch_door,428
Birch Fence,birch_fence,189
Birch Fence Gate,birch_fence_gate,184
Birch Leaves,birch_leaves,
Birch Log,birch_log,
Birch Planks,birch_planks,
Birch Pressure Plate,birch_pressure_plate,
Birch Sapling,birch_sapling,
Birch Sign,birch_sign,
Birch Slab,birch_slab,
Birch Stairs,birch_stairs,135
Birch Trapdoor,birch_trapdoor,
Birch Wood with Bark,birch_wood,
Black Banner,black_banner,
Black Bed,black_bed,
Black Carpet,black_carpet,
Black Concrete,black_concrete,
Black Concrete Powder,black_concrete_powder,
Black Dye,black_dye,
Black Glazed Terracotta,black_glazed_terracotta,250
Black Shulker Box,black_shulker_box,234
Black Stained Glass,black_stained_glass,
Black Stained Glass Pane,black_stained_glass_pane,
Black Terracotta,black_terracotta,
Black Wool,black_wool,
Blackstone,blackstone,
Blackstone Slab,blackstone_slab,
Blackstone Stairs,blackstone_stairs,
Blackstone Wall,blackstone_wall,
Blast Furnace,blast_furnace,
Blaze Powder,blaze_powder,377
Blaze Rod,blaze_rod,369
Blaze Spawn Egg,blaze_spawn_egg,
Blue Banner,blue_banner,
Blue Bed,blue_bed,
Blue Carpet,blue_carpet,
Blue Concrete,blue_concrete,
Blue Concrete Powder,blue_concrete_powder,
Blue Dye,blue_dye,
Blue Glazed Terracotta,blue_glazed_terracotta,246
Blue Ice,blue_ice,
Blue Orchid,blue_orchid,
Blue Shulker Box,blue_shulker_box,230
Blue Stained Glass,blue_stained_glass,
Blue Stained Glass Pane,blue_stained_glass_pane,
Blue Terracotta,blue_terracotta,
Blue Wool,blue_wool,
Bone,bone,352
Bone Block,bone_block,216
Bone Meal,bone_meal,
Book,book,340
Bookshelf,bookshelf,47
Bow,bow,261
Bowl,bowl,281
Brain Coral,brain_coral,
Brain Coral Block,brain_coral_block,
Brain Coral Fan,brain_coral_fan,
Bread,bread,297
Brewing Stand,brewing_stand,379
Brick,brick,336
Brick Slab,brick_slab,
Brick Stairs,brick_stairs,108
Brick Wall,brick_wall,
Bricks,bricks,
Brown Banner,brown_banner,
Brown Bed,brown_bed,
Brown Carpet,brown_carpet,
Brown Concrete,brown_concrete,
Brown Concrete Powder,brown_concrete_powder,
Brown Dye,brown_dye,
Brown Glazed Terracotta,brown_glazed_terracotta,247
Mushroom (brown),brown_mushroom,39
Brown Mushroom Block,brown_mushroom_block,99
Brown Shulker Box,brown_shulker_box,231
Brown Stained Glass,brown_stained_glass,
Brown Stained Glass Pane,brown_stained_glass_pane,
Brown Terracotta,brown_terracotta,
Brown Wool,brown_wool,
Bubble Coral,bubble_coral,
Bubble Coral Block,bubble_coral_block,
Bubble Coral Fan,bubble_coral_fan,
Bucket,bucket,325
Cactus,cactus,81
Cake,cake,354
Campfire,campfire,
Carrot,carrot,391
Carrot on a Stick,carrot_on_a_stick,398
Cartography Table,cartography_table,
Carved Pumpkin,carved_pumpkin,
Cat Spawn Egg,cat_spawn_egg,
Cauldron,cauldron,380
Cave Spider Spawn Egg,cave_spider_spawn_egg,
Chain,chain,
Chain Command Block,chain_command_block,211
Chain Boots,chainmail_boots,305
Chain Chestplate,chainmail_chestplate,303
Chain Helmet,chainmail_helmet,302
Chain Leggings,chainmail_leggings,304
Charcoal,charcoal,
Chest,chest,54
Minecart with Chest,chest_minecart,342
Raw Chicken,chicken,365
Chicken Spawn Egg,chicken_spawn_egg,
Slightly Damaged Anvil,chipped_anvil,145
Chiseled Nether Bricks,chiseled_nether_bricks,
Chiseled Polished Blackstone,chiseled_polished_blackstone,
Chiseled Quartz Block,chiseled_quartz_block,
Chiseled Red Sandstone,chiseled_red_sandstone,
Chiseled Sandstone,chiseled_sandstone,
Chiseled Stone Bricks,chiseled_stone_bricks,
Chorus Flower,chorus_flower,200
Chorus Fruit,chorus_fruit,432
Chorus Plant,chorus_plant,199
Clay Block,clay,82
Clay Ball,clay_ball,337
Clock,clock,347
Coal,coal,263
Coal Block,coal_block,173
Coal Ore,coal_ore,16
Coarse Dirt,coarse_dirt,
Cobblestone,cobblestone,4
Cobblestone Slab,cobblestone_slab,
Cobblestone Stairs,cobblestone_stairs,
Cobblestone Wall,cobblestone_wall,139
Cobweb,cobweb,30
Cocoa Beans,cocoa_beans,
Raw Cod,cod,
Bucket of Cod,cod_bucket,
Cod Spawn Egg,cod_spawn_egg,
Command Block,command_block,137
Minecart with Command Block,command_block_minecart,422
Redstone Comparator,comparator,404
Compass,compass,345
Composter,composter,
Conduit,conduit,
Steak,cooked_beef,364
Cooked Chicken,cooked_chicken,366
Cooked Cod,cooked_cod,
Cooked Mutton,cooked_mutton,424
Cooked Porkchop,cooked_porkchop,320
Cooked Rabbit,cooked_rabbit,412
Cooked Salmon,cooked_salmon,
Cookie,cookie,357
Cornflower,cornflower,
Cow Spawn Egg,cow_spawn_egg,
Cracked Nether Bricks,cracked_nether_bricks,
Cracked Polished Blackstone Bricks,cracked_polished_blackstone_bricks,
Cracked Stone Bricks,cracked_stone_bricks,
Crafting Table,crafting_table,58
Creeper Charge Banner Pattern,creeper_banner_pattern,
Creeper Head,creeper_head,
Creeper Spawn Egg,creeper_spawn_egg,
Crimson Button,crimson_button,
Crimson Door,crimson_door,
Crimson Fence,crimson_fence,
Crimson Fence Gate,crimson_fence_gate,
Crimson Fungus,crimson_fungus,
Crimson Hyphae,crimson_hyphae,
Crimson Nylium,crimson_nylium,
Crimson Planks,crimson_planks,
Crimson Pressure Plate,crimson_pressure_plate,
Crimson Roots,crimson_roots,
Crimson Sign,crimson_sign,
Crimson Slab,crimson_slab,
Crimson Stairs,crimson_stairs,
Crimson Stem,crimson_stem,
Crimson Trapdoor,crimson_trapdoor,
Crossbow,crossbow,
Crying Obsidian,crying_obsidian,
Cut Red Sandstone,cut_red_sandstone,
Cut Red Sandstone Slab,cut_red_sandstone_slab,
Cut Sandstone,cut_sandstone,
Cut Sandstone Slab,cut_sandstone_slab,
Cyan Banner,cyan_banner,
Cyan Bed,cyan_bed,
Cyan Carpet,cyan_carpet,
Cyan Concrete,cyan_concrete,
Cyan Concrete Powder,cyan_concrete_powder,
Cyan Dye,cyan_dye,
Cyan Glazed Terracotta,cyan_glazed_terracotta,244
Cyan Shulker Box,cyan_shulker_box,228
Cyan Stained Glass,cyan_stained_glass,
Cyan Stained Glass Pane,cyan_stained_glass_pane,
Cyan Terracotta,cyan_terracotta,
Cyan Wool,cyan_wool,
Very Damaged Anvil,damaged_anvil,145
Dandelion,dandelion,37
Dark Oak Boat,dark_oak_boat,448
Dark Oak Button,dark_oak_button,
Dark Oak Door,dark_oak_door,431
Dark Oak Fence,dark_oak_fence,191
Dark Oak Fence Gate,dark_oak_fence_gate,186
Dark Oak Leaves,dark_oak_leaves,
Dark Oak Log,dark_oak_log,
Dark Oak Planks,dark_oak_planks,
Dark Oak Pressure Plate,dark_oak_pressure_plate,
Dark Oak Sapling,dark_oak_sapling,
Dark Oak Sign,dark_oak_sign,
Dark Oak Slab,dark_oak_slab,
Dark Oak Stairs,dark_oak_stairs,164
Dark Oak Trapdoor,dark_oak_trapdoor,
Dark Oak Wood with Bark,dark_oak_wood,
Dark Prismarine,dark_prismarine,
Dark Prismarine Slab,dark_prismarine_slab,
Dark Prismarine Stairs,dark_prismarine_stairs,
Daylight Detector,daylight_detector,151
Dead Brain Coral,dead_brain_coral,
Dead Brain Coral Block,dead_brain_coral_block,
Dead Brain Coral Fan,dead_brain_coral_fan,
Dead Bubble Coral,dead_bubble_coral,
Dead Bubble Coral Block,dead_bubble_coral_block,
Dead Bubble Coral Fan,dead_bubble_coral_fan,
Dead Bush,dead_bush,32
Dead Fire Coral,dead_fire_coral,
Dead Fire Coral Block,dead_fire_coral_block,
Dead Fire Coral Fan,dead_fire_coral_fan,
Dead Horn Coral,dead_horn_coral,
Dead Horn Coral Block,dead_horn_coral_block,
Dead Horn Coral Fan,dead_horn_coral_fan,
Dead Tube Coral,dead_tube_coral,
Dead Tube Coral Block,dead_tube_coral_block,
Dead Tube Coral Fan,dead_tube_coral_fan,
Debug Stick,debug_stick,
Detector Rails,detector_rail,28
Diamond,diamond,264
Diamond Axe,diamond_axe,279
Block of Diamond,diamond_block,57
Diamond Boots,diamond_boots,313
Diamond Chestplate,diamond_chestplate,311
Diamond Helmet,diamond_helmet,310
Diamond Hoe,diamond_hoe,293
Diamond Horse Armor,diamond_horse_armor,419
Diamond Leggings,diamond_leggings,312
Diamond Ore,diamond_ore,56
Diamond Pickaxe,diamond_pickaxe,278
Diamond Shovel,diamond_shovel,277
Diamond Sword,diamond_sword,276
Diorite,diorite,
Diorite Slab,diorite_slab,
Diorite Stairs,diorite_stairs,
Diorite Wall,diorite_wall,
Dirt,dirt,3
Dispenser,dispenser,23
Dolphin Spawn Egg,dolphin_spawn_egg,
Donkey Spawn Egg,donkey_spawn_egg,
Dragon's Breath,dragon_breath,437
Dragon Egg,dragon_egg,122
Dragon Head,dragon_head,
Dried Kelp,dried_kelp,
Dried Kelp Block,dried_kelp_block,
Dropper,dropper,158
Drowned Spawn Egg,drowned_spawn_egg,
Egg,egg,344
Elder Guardian Spawn Egg,elder_guardian_spawn_egg,
Elytra,elytra,443
Emerald,emerald,388
Block of Emerald,emerald_block,133
Emerald Ore,emerald_ore,129
Enchanted Book,enchanted_book,403
Enchanted Golden Apple,enchanted_golden_apple,466
Enchanting Table,enchanting_table,116
End Crystal,end_crystal,426
End Portal Frame,end_portal_frame,120
End Rod,end_rod,198
End Stone,end_stone,121
End Stone Brick Slab,end_stone_brick_slab,
End Stone Brick Stairs,end_stone_brick_stairs,
End Stone Brick Wall,end_stone_brick_wall,
End Stone Bricks,end_stone_bricks,206
Ender Chest,ender_chest,130
Eye of Ender,ender_eye,381
Ender Pearl,ender_pearl,368
Enderman Spawn Egg,enderman_spawn_egg,
Endermite Spawn Egg,endermite_spawn_egg,
Evoker Spawn Egg,evoker_spawn_egg,
Bottle o'Enchanting,experience_bottle,384
Farmland,farmland,60
Feather,feather,288
Fermented Spider Eye,fermented_spider_eye,376
Fern,fern,
Map (Filled),filled_map,358
Fire Charge,fire_charge,385
Fire Coral,fire_coral,
Fire Coral Block,fire_coral_block,
Fire Coral Fan,fire_coral_fan,
Firework Rocket,firework_rocket,401
Firework Star,firework_star,402
Fishing Rod,fishing_rod,346
Fletching Table,fletching_table,
Flint,flint,318
Flint and Steel,flint_and_steel,259
Flower Charge Banner Pattern,flower_banner_pattern,
Flower Pot,flower_pot,390
Fox Spawn Egg,fox_spawn_egg,
Furnace,furnace,61
Minecart with Furnace,furnace_minecart,343
Ghast Spawn Egg,ghast_spawn_egg,
Ghast Tear,ghast_tear,370
Gilded Blackstone,gilded_blackstone,
Glass,glass,20
Glass Bottle,glass_bottle,374
Glass Pane,glass_pane,102
Glistering Melon,glistering_melon_slice,382
Globe Banner Pattern,globe_banner_pattern,
Glowstone,glowstone,89
Glowstone Dust,glowstone_dust,348
Block of Gold,gold_block,41
Gold Ingot,gold_ingot,266
Gold Nugget,gold_nugget,371
Gold Ore,gold_ore,14
Golden Apple,golden_apple,322
Golden Axe,golden_axe,286
Golden Boots,golden_boots,317
Golden Carrot,golden_carrot,396
Golden Chestplate,golden_chestplate,315
Golden Helmet,golden_helmet,314
Golden Hoe,golden_hoe,294
Gold Horse Armor,golden_horse_armor,418
Golden Leggings,golden_leggings,316
Golden Pickaxe,golden_pickaxe,285
Golden Shovel,golden_shovel,284
Golden Sword,golden_sword,283
Granite,granite,
Granite Slab,granite_slab,
Granite Stairs,granite_stairs,
Granite Wall,granite_wall,
Grass,grass,
Grass Block,grass_block,2
Dirt Path,grass_path,208
Gravel,gravel,13
Gray Banner,gray_banner,
Gray Bed,gray_bed,
Gray Carpet,gray_carpet,
Gray Concrete,gray_concrete,
Gray Concrete Powder,gray_concrete_powder,
Gray Dye,gray_dye,
Gray Glazed Terracotta,gray_glazed_terracotta,242
Gray Shulker Box,gray_shulker_box,226
Gray Stained Glass,gray_stained_glass,
Gray Stained Glass Pane,gray_stained_glass_pane,
Gray Terracotta,gray_terracotta,
Gray Wool,gray_wool,
Green Banner,green_banner,
Green Bed,green_bed,
Green Carpet,green_carpet,
Green Concrete,green_concrete,
Green Concrete Powder,green_concrete_powder,
Green Dye,green_dye,
Green Glazed Terracotta,green_glazed_terracotta,248
Green Shulker Box,green_shulker_box,232
Green Stained Glass,green_stained_glass,
Green Stained Glass Pane,green_stained_glass_pane,
Green Terracotta,green_terracotta,
Green Wool,green_wool,
Grindstone,grindstone,
Guardian Spawn Egg,guardian_spawn_egg,
Gunpowder,gunpowder,289
Hay Bale,hay_block,170
Heart of the Sea,heart_of_the_sea,
Heavy Weighted Pressure Plate,heavy_weighted_pressure_plate,148
Hoglin Spawn Egg,hoglin_spawn_egg,
Honey Block,honey_block,
Honey Bottle,honey_bottle,
Honeycomb,honeycomb,
Honeycomb Block,honeycomb_block,
Hopper,hopper,154
Minecart with Hopper,hopper_minecart,408
Horn Coral,horn_coral,
Horn Coral Block,horn_coral_block,
Horn Coral Fan,horn_coral_fan,
Horse Spawn Egg,horse_spawn_egg,
Husk Spawn Egg,husk_spawn_egg,
Ice,ice,79
Infested Chiseled Stone Bricks,infested_chiseled_stone_bricks,
Infested Cobblestone,infested_cobblestone,
Infested Cracked Stone Bricks,infested_cracked_stone_bricks,
Infested Mossy Stone Bricks,infested_mossy_stone_bricks,
Infested Stone,infested_stone,
Infested Stone Bricks,infested_stone_bricks,
Ink Sac,ink_sac,
Iron Axe,iron_axe,258
Iron Bars,iron_bars,101
Block of Iron,iron_block,42
Iron Boots,iron_boots,309
Iron Chestplate,iron_chestplate,307
Iron Door,iron_door,330
Iron Helmet,iron_helmet,306
Iron Hoe,iron_hoe,292
Iron Horse Armor,iron_horse_armor,417
Iron Ingot,iron_ingot,265
Iron Leggings,iron_leggings,308
Iron Nugget,iron_nugget,452
Iron Ore,iron_ore,15
Iron Pickaxe,iron_pickaxe,257
Iron Shovel,iron_shovel,256
Iron Sword,iron_sword,267
Iron Trapdoor,iron_trapdoor,167
Item Frame,item_frame,389
Jack o'Lantern,jack_o_lantern,91
Jigsaw Block,jigsaw,
Jukebox,jukebox,84
Jungle Boat,jungle_boat,446
Jungle Button,jungle_button,
Jungle Door,jungle_door,429
Jungle Fence,jungle_fence,190
Jungle Fence Gate,jungle_fence_gate,185
Jungle Leaves,jungle_leaves,
Jungle Log,jungle_log,
Jungle Planks,jungle_planks,
Jungle Pressure Plate,jungle_pressure_plate,
Jungle Sapling,jungle_sapling,
Jungle Sign,jungle_sign,
Jungle Slab,jungle_slab,
Jungle Stairs,jungle_stairs,136
Jungle Trapdoor,jungle_trapdoor,
Jungle Wood with Bark,jungle_wood,
Kelp,kelp,
Knowledge Book,knowledge_book,453
Ladder,ladder,65
Lantern,lantern,
Lapis Lazuli Block,lapis_block,22
Lapis Lazuli,lapis_lazuli,
Lapis Lazuli Ore,lapis_ore,21
Large Fern,large_fern,
Lava,lava,
Lava Bucket,lava_bucket,327
Lead,lead,420
Leather,leather,334
Leather Boots,leather_boots,301
Leather Tunic,leather_chestplate,299
Leather Cap,leather_helmet,298
Leather Horse Armor,leather_horse_armor,
Leather Pants,leather_leggings,300
Lecturn,lectern,
Lever,lever,69
Light Blue Banner,light_blue_banner,
Light Blue Bed,light_blue_bed,
Light Blue Carpet,light_blue_carpet,
Light Blue Concrete,light_blue_concrete,
Light Blue Concrete Powder,light_blue_concrete_powder,
Light Blue Dye,light_blue_dye,
Light Blue Glazed Terracotta,light_blue_glazed_terracotta,238
Light Blue Shulker Box,light_blue_shulker_box,222
Light Blue Stained Glass,light_blue_stained_glass,
Light Blue Stained Glass Pane,light_blue_stained_glass_pane,
Light Blue Terracotta,light_blue_terracotta,
Light Blue Wool,light_blue_wool,
Light Gray Banner,light_gray_banner,
Light Gray Bed,light_gray_bed,
Light Gray Carpet,light_gray_carpet,
Light Gray Concrete,light_gray_concrete,
Light Gray Concrete Powder,light_gray_concrete_powder,
Light Gray Dye,light_gray_dye,
Light Gray Glazed Terracotta,light_gray_glazed_terracotta,
Light Gray Shulker Box,light_gray_shulker_box,
Light Gray Stained Glass,light_gray_stained_glass,
Light Gray Stained Glass Pane,light_gray_stained_glass_pane,
Light Gray Terracotta,light_gray_terracotta,
Light Gray Wool,light_gray_wool,
Light Weighted Pressure Plate,light_weighted_pressure_plate,147
Lilac,lilac,
Lily of the Valley,lily_of_the_valley,
Lily Pad,lily_pad,111
Lime Banner,lime_banner,
Lime Bed,lime_bed,
Lime Carpet,lime_carpet,
Lime Concrete,lime_concrete,
Lime Concrete Powder,lime_concrete_powder,
Lime Dye,lime_dye,
Lime Glazed Terracotta,lime_glazed_terracotta,240
Lime Shulker Box,lime_shulker_box,224
Lime Stained Glass,lime_stained_glass,
Lime Stained Glass Pane,lime_stained_glass_pane,
Lime Terracotta,lime_terracotta,
Lime Wool,lime_wool,
Lingering Potion of Fire Resistance (0:45),lingering_potion,441
Lingering Potion of Fire Resistance (2:00),lingering_potion,441
Lingering Potion of Harming (Instant Damage II),lingering_potion,441
Lingering Potion of Harming (Instant Damage),lingering_potion,441
Lingering Potion of Healing (Instant Health II),lingering_potion,441
Lingering Potion of Healing (Instant Health),lingering_potion,441
Lingering Potion of Invisibility (0:45),lingering_potion,441
Lingering Potion of Invisibility (2:00),lingering_potion,441
Lingering Potion of Leaping (0:22 - Jump Boost II),lingering_potion,441
Lingering Potion of Leaping (0:45 - Jump Boost),lingering_potion,441
Lingering Potion of Leaping (2:00 - Jump Boost),lingering_potion,441
Lingering Potion of Luck (1:15),lingering_potion,441
Lingering Potion of Night Vision (0:45),lingering_potion,441
Lingering Potion of Night Vision (2:00),lingering_potion,441
Lingering Potion of Poison (0:05 - Poison II),lingering_potion,441
Lingering Potion of Poison (0:11),lingering_potion,441
Lingering Potion of Poison (0:22),lingering_potion,441
Lingering Potion of Regeneration (0:05 - Regeneration II),lingering_potion,441
Lingering Potion of Regeneration (0:11),lingering_potion,441
Lingering Potion of Regeneration (0:22),lingering_potion,441
Lingering Potion of Slow Falling (0:22),lingering_potion,441
Lingering Potion of Slow Falling (1:00),lingering_potion,441
Lingering Potion of Slowness (0:02 - Slowness V),lingering_potion,441
Lingering Potion of Slowness (0:22),lingering_potion,441
Lingering Potion of Slowness (1:00),lingering_potion,441
Lingering Potion of Strength (0:22 - Strength II),lingering_potion,441
Lingering Potion of Strength (0:45),lingering_potion,441
Lingering Potion of Strength (2:00),lingering_potion,441
Lingering Potion of Swiftness (0:22 - Speed II),lingering_potion,441
Lingering Potion of Swiftness (0:45 - Speed),lingering_potion,441
Lingering Potion of Swiftness (2:00 - Speed),lingering_potion,441
Lingering Potion of Water Breathing (0:45),lingering_potion,441
Lingering Potion of Water Breathing (2:00),lingering_potion,441
Lingering Potion of Weakness (0:22),lingering_potion,441
Lingering Potion of Weakness (1:00),lingering_potion,441
"Lingering Potion of the Turtle Master (0:05 - Slowness IV, Resistance III)",lingering_potion,441
"Lingering Potion of the Turtle Master (0:05 - Slowness VI, Resistance IV)",lingering_potion,441
"Lingering Potion of the Turtle Master (0:10 - Slowness IV, Resistance III)",lingering_potion,441
Llama Spawn Egg,llama_spawn_egg,
Lodestone,lodestone,
Loom,loom,
Magenta Banner,magenta_banner,
Magenta Bed,magenta_bed,
Magenta Carpet,magenta_carpet,
Magenta Concrete,magenta_concrete,
Magenta Concrete Powder,magenta_concrete_powder,
Magenta Dye,magenta_dye,
Magenta Glazed Terracotta,magenta_glazed_terracotta,237
Magenta Shulker Box,magenta_shulker_box,221
Magenta Stained Glass,magenta_stained_glass,
Magenta Stained Glass Pane,magenta_stained_glass_pane,
Magenta Terracotta,magenta_terracotta,
Magenta Wool,magenta_wool,
Magma Block,magma_block,213
Magma Cream,magma_cream,378
Magma Cube Spawn Egg,magma_cube_spawn_egg,
Map,map,395
Block of Melon,melon,103
Melon Seeds,melon_seeds,362
Melon Slice,melon_slice,360
Milk,milk_bucket,335
Minecart,minecart,328
Thing Banner Pattern,mojang_banner_pattern,
Mooshroom Spawn Egg,mooshroom_spawn_egg,
Mossy Cobblestone,mossy_cobblestone,48
Mossy Cobblestone Slab,mossy_cobblestone_slab,
Mossy Cobblestone Stairs,mossy_cobblestone_stairs,
Mossy Cobblestone Wall,mossy_cobblestone_wall,
Mossy Stone Brick Slab,mossy_stone_brick_slab,
Mossy Stone Brick Stairs,mossy_stone_brick_stairs,
Mossy Stone Brick Wall,mossy_stone_brick_wall,
Mossy Stone Bricks,mossy_stone_bricks,
Mule Spawn Egg,mule_spawn_egg,
Mushroom Stem,mushroom_stem,
Mushroom Stew,mushroom_stew,282
Music Disc (C418 - 11),music_disc_11,2266
Music Disc (C418 - 13),music_disc_13,2256
Music Disc (C418 - blocks),music_disc_blocks,2258
Music Disc (C418 - cat),music_disc_cat,2257
Music Disc (C418 - chirp),music_disc_chirp,2259
Music Disc (C418 - far),music_disc_far,2260
Music Disc (C418 - mall),music_disc_mall,2261
Music Disc (C418 - mellohi),music_disc_mellohi,2262
Music Disc (Lena Raine - Pigstep),music_disc_pigstep,
Music Disc (C418 - stal),music_disc_stal,2263
Music Disc (C418 - strad),music_disc_strad,2264
Music Disc (C418 - wait),music_disc_wait,2267
Music Disc (C418 - ward),music_disc_ward,2265
Raw Mutton,mutton,423
Mycelium,mycelium,110
Name Tag,name_tag,421
Nautilus Shell,nautilus_shell,
Nether Brick,nether_brick,405
Nether Brick Fence,nether_brick_fence,113
Nether Brick Slab,nether_brick_slab,
Nether Brick Stairs,nether_brick_stairs,114
Nether Brick Wall,nether_brick_wall,
Block of Nether Bricks,nether_bricks,112
Nether Gold Ore,nether_gold_ore,
Nether Quartz Ore,nether_quartz_ore,153
Nether Sprouts,nether_sprouts,
Nether Star,nether_star,399
Nether Wart,nether_wart,372
Nether Wart Block,nether_wart_block,214
Netherite Axe,netherite_axe,
Block of Netherite,netherite_block,
Netherite Boots,netherite_boots,
Netherite Chestplate,netherite_chestplate,
Netherite Helmet,netherite_helmet,
Netherite Hoe,netherite_hoe,
Netherite Ingot,netherite_ingot,
Netherite Leggings,netherite_leggings,
Netherite Pickaxe,netherite_pickaxe,
Netherite Scrap,netherite_scrap,
Netherite Shovel,netherite_shovel,
Netherite Sword,netherite_sword,
Netherrack,netherrack,87
Note Block,note_block,25
Oak Boat,oak_boat,333
Oak Button,oak_button,143
Oak Door,oak_door,324
Oak Fence,oak_fence,85
Oak Fence Gate,oak_fence_gate,107
Oak Leaves,oak_leaves,
Oak Log,oak_log,
Oak Planks,oak_planks,
Oak Pressure Plate,oak_pressure_plate,72
Oak Sapling,oak_sapling,
Oak Sign,oak_sign,323
Oak Slab,oak_slab,
Oak Stairs,oak_stairs,53
Oak Trapdoor,oak_trapdoor,96
Oak Wood with Bark,oak_wood,
Observer,observer,218
Obsidian,obsidian,49
Ocelot Spawn Egg,ocelot_spawn_egg,
Orange Banner,orange_banner,
Orange Bed,orange_bed,
Orange Carpet,orange_carpet,
Orange Concrete,orange_concrete,
Orange Concrete Powder,orange_concrete_powder,
Orange Dye,orange_dye,
Orange Glazed Terracotta,orange_glazed_terracotta,236
Orange Shulker Box,orange_shulker_box,220
Orange Stained Glass,orange_stained_glass,
Orange Stained Glass Pane,orange_stained_glass_pane,
Orange Terracotta,orange_terracotta,
Orange Tulip,orange_tulip,
Orange Wool,orange_wool,
Oxeye Daisy,oxeye_daisy,
Packed Ice,packed_ice,174
Painting,painting,321
Panda Spawn Egg,panda_spawn_egg,
Paper,paper,339
Parrot Spawn Egg,parrot_spawn_egg,
Peony,peony,
Petrified Oak Slab,petrified_oak_slab,
Phantom Membrane,phantom_membrane,
Phantom Spawn Egg,phantom_spawn_egg,
Pig Spawn Egg,pig_spawn_egg,
Snout Banner Pattern,piglin_banner_pattern,
Piglin Brute Spawn Egg,piglin_brute_spawn_egg,
Piglin Spawn Egg,piglin_spawn_egg,
Pillager Spawn Egg,pillager_spawn_egg,
Pink Banner,pink_banner,
Pink Bed,pink_bed,
Pink Carpet,pink_carpet,
Pink Concrete,pink_concrete,
Pink Concrete Powder,pink_concrete_powder,
Pink Dye,pink_dye,
Pink Glazed Terracotta,pink_glazed_terracotta,241
Pink Shulker Box,pink_shulker_box,225
Pink Stained Glass,pink_stained_glass,
Pink Stained Glass Pane,pink_stained_glass_pane,
Pink Terracotta,pink_terracotta,
Pink Tulip,pink_tulip,
Pink Wool,pink_wool,
Piston,piston,33
Steve Head,player_head,
Podzol,podzol,
Poisonous Potato,poisonous_potato,394
Polar Bear Spawn Egg,polar_bear_spawn_egg,
Polished Andesite,polished_andesite,
Polished Andesite Slab,polished_andesite_slab,
Polished Andesite Stairs,polished_andesite_stairs,
Polished Basalt,polished_basalt,
Polished Blackstone,polished_blackstone,
Polished Blackstone Brick Slab,polished_blackstone_brick_slab,
Polished Blackstone Brick Stairs,polished_blackstone_brick_stairs,
Polished Blackstone Brick Wall,polished_blackstone_brick_wall,
Polished Blackstone Bricks,polished_blackstone_bricks,
Polished Blackstone Button,polished_blackstone_button,
Polished Blackstone Pressure Plate,polished_blackstone_pressure_plate,
Polished Blackstone Slab,polished_blackstone_slab,
Polished Blackstone Stairs,polished_blackstone_stairs,
Polished Blackstone Wall,polished_blackstone_wall,
Polished Diorite,polished_diorite,
Polished Diorite Slab,polished_diorite_slab,
Polished Diorite Stairs,polished_diorite_stairs,
Polished Granite,polished_granite,
Polished Granite Slab,polished_granite_slab,
Polished Granite Stairs,polished_granite_stairs,
Popped Chorus Fruit,popped_chorus_fruit,
Poppy,poppy,
Raw Porkchop,porkchop,319
Potato,potato,392
Potion of Fire Resistance (3:00),potion,373
Potion of Fire Resistance (8:00),potion,373
Potion of Harming (Instant Damage II),potion,373
Potion of Harming (Instant Damage),potion,373
Potion of Healing (Instant Health II),potion,373
Potion of Healing (Instant Health),potion,373
Potion of Invisibility (3:00),potion,373
Potion of Invisibility (8:00),potion,373
Potion of Leaping (1:30 - Jump Boost II),potion,373
Potion of Leaping (3:00 - Jump Boost),potion,373
Potion of Leaping (8:00 - Jump Boost),potion,373
Potion of Luck (5:00),potion,373
Potion of Night Vision (3:00),potion,373
Potion of Night Vision (8:00),potion,373
Potion of Poison (0:22 - Poison II),potion,373
Potion of Poison (0:45),potion,373
Potion of Poison (2:00),potion,373
Potion of Regeneration (0:22 - Regeneration II),potion,373
Potion of Regeneration (0:45),potion,373
Potion of Regeneration (1:30),potion,373
Potion of Slow Falling (1:30),potion,373
Potion of Slow Falling (4:00),potion,373
Potion of Slowness (0:10 - Slowness V),potion,373
Potion of Slowness (1:30),potion,373
Potion of Slowness (4:00),potion,373
Potion of Strength (1:30 - Strength II),potion,373
Potion of Strength (3:00),potion,373
Potion of Strength (8:00),potion,373
Potion of Swiftness (1:30 - Speed II),potion,373
Potion of Swiftness (3:00 - Speed),potion,373
Potion of Swiftness (8:00 - Speed),potion,373
Potion of Water Breathing (3:00),potion,373
Potion of Water Breathing (8:00),potion,373
Potion of Weakness (1:30),potion,373
Potion of Weakness (4:00),potion,373
"Potion of the Turtle Master (0:20 - Slowness IV, Resistance III)",potion,373
"Potion of the Turtle Master (0:20 - Slowness VI, Resistance IV)",potion,373
"Potion of the Turtle Master (0:40 - Slowness IV, Resistance III)",potion,373
Water Bottle,potion,373
Powered Rails,powered_rail,27
Prismarine,prismarine,168
Prismarine Brick Slab,prismarine_brick_slab,
Prismarine Bricks Stairs,prismarine_brick_stairs,
Prismarine Bricks,prismarine_bricks,
Prismarine Crystals,prismarine_crystals,410
Prismarine Shard,prismarine_shard,409
Prismarine Slab,prismarine_slab,
Prismarine Stairs,prismarine_stairs,
Prismarine Wall,prismarine_wall,
Pufferfish,pufferfish,
Bucket of Pufferfish,pufferfish_bucket,
Pufferfish Spawn Egg,pufferfish_spawn_egg,
Pumpkin,pumpkin,86
Pumpkin Pie,pumpkin_pie,400
Pumpkin Seeds,pumpkin_seeds,361
Purple Banner,purple_banner,
Purple Bed,purple_bed,
Purple Carpet,purple_carpet,
Purple Concrete,purple_concrete,
Purple Concrete Powder,purple_concrete_powder,
Purple Dye,purple_dye,
Purple Glazed Terracotta,purple_glazed_terracotta,245
Purple Shulker Box,purple_shulker_box,229
Purple Stained Glass,purple_stained_glass,
Purple Stained Glass Pane,purple_stained_glass_pane,
Purple Terracotta,purple_terracotta,
Purple Wool,purple_wool,
Purpur Block,purpur_block,201
Purpur Pillar,purpur_pillar,202
Purpur Slab,purpur_slab,205
Purpur Stairs,purpur_stairs,203
Nether Quartz,quartz,406
Block of Quartz,quartz_block,155
Quartz Bricks,quartz_bricks,
Quartz Pillar,quartz_pillar,
Quartz Slab,quartz_slab,
Quartz Stairs,quartz_stairs,156
Raw Rabbit,rabbit,411
Rabbit's Foot,rabbit_foot,414
Rabbit Hide,rabbit_hide,415
Rabbit Spawn Egg,rabbit_spawn_egg,
Rabbit Stew,rabbit_stew,413
Rails,rail,66
Ravager Spawn Egg,ravager_spawn_egg,
Red Banner,red_banner,
Red Bed,red_bed,
Red Carpet,red_carpet,
Red Concrete,red_concrete,
Red Concrete Powder,red_concrete_powder,
Red Dye,red_dye,
Red Glazed Terracotta,red_glazed_terracotta,249
Mushroom (red with white spots),red_mushroom,40
Red Mushroom Block,red_mushroom_block,100
Red Nether Brick Slab,red_nether_brick_slab,
Red Nether Brick Stairs,red_nether_brick_stairs,
Red Nether Brick Wall,red_nether_brick_wall,
Red Nether Brick,red_nether_bricks,215
Red Sand,red_sand,
Red Sandstone,red_sandstone,179
Red Sandstone Slab,red_sandstone_slab,
Red Sandstone Stairs,red_sandstone_stairs,180
Red Sandstone Wall,red_sandstone_wall,
Red Shulker Box,red_shulker_box,233
Red Stained Glass,red_stained_glass,
Red Stained Glass Pane,red_stained_glass_pane,
Red Terracotta,red_terracotta,
Red Tulip,red_tulip,
Red Wool,red_wool,
Redstone Dust,redstone,331
Block of Redstone,redstone_block,152
Redstone Lamp,redstone_lamp,123
Redstone Ore,redstone_ore,73
Redstone Torch,redstone_torch,76
Redstone Repeater,repeater,356
Repeating Command Block,repeating_command_block,210
Respawn Anchor,respawn_anchor,
Rose Bush,rose_bush,
Rotten Flesh,rotten_flesh,367
Saddle,saddle,329
Raw Salmon,salmon,
Bucket of Salmon,salmon_bucket,
Salmon Spawn Egg,salmon_spawn_egg,
Sand,sand,
Sandstone,sandstone,24
Sandstone Slab,sandstone_slab,
Sandstone Stairs,sandstone_stairs,128
Sandstone Wall,sandstone_wall,
Scaffolding,scaffolding,
Scute,scute,
Sea Lantern,sea_lantern,169
Sea Pickle,sea_pickle,
Seagrass,seagrass,
Shears,shears,359
Sheep Spawn Egg,sheep_spawn_egg,
Shield,shield,442
Shroomlight,shroomlight,
Shulker Box,shulker_box,
Shulker Shell,shulker_shell,450
Shulker Spawn Egg,shulker_spawn_egg,
Silverfish Spawn Egg,silverfish_spawn_egg,
Skeleton Horse Spawn Egg,skeleton_horse_spawn_egg,
Skeleton Skull,skeleton_skull,
Skeleton Spawn Egg,skeleton_spawn_egg,
Skull Charge Banner Pattern,skull_banner_pattern,
Slimeball,slime_ball,341
Slime Block,slime_block,165
Slime Spawn Egg,slime_spawn_egg,
Smithing Table,smithing_table,
Smoker,smoker,
Smooth Quartz,smooth_quartz,
Smooth Quartz Slab,smooth_quartz_slab,
Smooth Quartz Stairs,smooth_quartz_stairs,
Smooth Red Sandstone,smooth_red_sandstone,
Smooth Red Sandstone Slab,smooth_red_sandstone_slab,
Smooth Red Sandstone Stairs,smooth_red_sandstone_stairs,
Smooth Sandstone,smooth_sandstone,
Smooth Sandstone Slab,smooth_sandstone_slab,
Smooth Sandstone Stairs,smooth_sandstone_stairs,
Smooth Stone,smooth_stone,
Smooth Stone Slab,smooth_stone_slab,
Snow,snow,
Snow Block,snow_block,80
Snowball,snowball,332
Soul Campfire,soul_campfire,
Soul Lantern,soul_lantern,
Soul Sand,soul_sand,88
Soul Soil,soul_soil,
Soul Torch,soul_torch,
Monster Spawner,spawner,
Spectral Arrow,spectral_arrow,439
Spider Eye,spider_eye,375
Spider Spawn Egg,spider_spawn_egg,
Splash Potion of Fire Resistance (3:00/2:15),splash_potion,438
Splash Potion of Fire Resistance (6:00),splash_potion,438
Splash Potion of Harming (Instant Damage II),splash_potion,438
Splash Potion of Harming (Instant Damage),splash_potion,438
Splash Potion of Healing (Instant Health II),splash_potion,438
Splash Potion of Healing (Instant Health),splash_potion,438
Splash Potion of Invisibility (3:00/2:15),splash_potion,438
Splash Potion of Invisibility (8:00/6:00),splash_potion,438
Splash Potion of Leaping (1:30/1:07 - Jump Boost II),splash_potion,438
Splash Potion of Leaping (3:00/2:15 - Jump Boost),splash_potion,438
Splash Potion of Leaping (8:00/6:00 - Jump Boost),splash_potion,438
Splash Potion of Luck (5:00),splash_potion,438
Splash Potion of Night Vision (3:00/2:15),splash_potion,438
Splash Potion of Night Vision (8:00/6:00),splash_potion,438
Splash Potion of Poison (0:22/0:16 - Poison II),splash_potion,438
Splash Potion of Poison (0:45/0:33),splash_potion,438
Splash Potion of Poison (1:30),splash_potion,438
Splash Potion of Regeneration (0:22/0:16 - Regeneration II),splash_potion,438
Splash Potion of Regeneration (0:45/0:33),splash_potion,438
Splash Potion of Regeneration (1:30),splash_potion,438
Splash Potion of Slow Falling (1:30),splash_potion,438
Splash Potion of Slow Falling (4:00),splash_potion,438
Splash Potion of Slowness (0:10 - Slowness V),splash_potion,438
Splash Potion of Slowness (1:30/1:07),splash_potion,438
Splash Potion of Slowness (4:00/3:00),splash_potion,438
Splash Potion of Strength (1:30/1:07 - Strength II),splash_potion,438
Splash Potion of Strength (3:00/2:15),splash_potion,438
Splash Potion of Strength (8:00/6:00),splash_potion,438
Splash Potion of Swiftness (1:30/1:07 - Speed II),splash_potion,438
Splash Potion of Swiftness (3:00/2:15 - Speed),splash_potion,438
Splash Potion of Swiftness (8:00/6:00 - Speed),splash_potion,438
Splash Potion of Water Breathing (3:00/2:15),splash_potion,438
Splash Potion of Water Breathing (8:00/6:00),splash_potion,438
Splash Potion of Weakness (1:30/1:07),splash_potion,438
Splash Potion of Weakness (4:00/3:00),splash_potion,438
"Splash Potion of the Turtle Master (0:15 - Slowness IV, Resistance III)",splash_potion,438
"Splash Potion of the Turtle Master (0:15 - Slowness VI, Resistance IV)",splash_potion,438
"Splash Potion of the Turtle Master (0:30 - Slowness IV, Resistance III)",splash_potion,438
Sponge,sponge,19
Spruce Boat,spruce_boat,444
Spruce Button,spruce_button,
Spruce Door,spruce_door,427
Spruce Fence,spruce_fence,188
Spruce Fence Gate,spruce_fence_gate,183
Spruce Leaves,spruce_leaves,
Spruce Log,spruce_log,
Spruce Planks,spruce_planks,
Spruce Pressure Plate,spruce_pressure_plate,
Spruce Sapling,spruce_sapling,
Spruce Sign,spruce_sign,
Spruce Slab,spruce_slab,
Spruce Stairs,spruce_stairs,134
Spruce Trapdoor,spruce_trapdoor,
Spruce Wood with Bark,spruce_wood,
Squid Spawn Egg,squid_spawn_egg,
Stick,stick,280
Sticky Piston,sticky_piston,29
Stone,stone,1
Stone Axe,stone_axe,275
Stone Brick Slab,stone_brick_slab,
Stone Brick Stairs,stone_brick_stairs,109
Stone Brick Wall,stone_brick_wall,
Stone Bricks,stone_bricks,
Stone Button,stone_button,77
Stone Hoe,stone_hoe,291
Stone Pickaxe,stone_pickaxe,274
Stone Pressure Plate,stone_pressure_plate,70
Stone Shovel,stone_shovel,273
Stone Slab,stone_slab,
Stone Stairs,stone_stairs,
Stone Sword,stone_sword,272
Stonecutter,stonecutter,
Stray Spawn Egg,stray_spawn_egg,
Strider Spawn Egg,strider_spawn_egg,
String,string,287
Stripped Acacia Log,stripped_acacia_log,
Stripped Acacia Wood,stripped_acacia_wood,
Stripped Birch Log,stripped_birch_log,
Stripped Birch Wood,stripped_birch_wood,
Stripped Crimson Hyphae,stripped_crimson_hyphae,
Stripped Crimson Stem,stripped_crimson_stem,
Stripped Dark Oak Log,stripped_dark_oak_log,
Stripped Dark Oak Wood,stripped_dark_oak_wood,
Stripped Jungle Log,stripped_jungle_log,
Stripped Jungle Wood,stripped_jungle_wood,
Stripped Oak Log,stripped_oak_log,
Stripped Oak Wood,stripped_oak_wood,
Stripped Spruce Log,stripped_spruce_log,
Stripped Spruce Wood,stripped_spruce_wood,
Stripped Warped Hyphae,stripped_warped_hyphae,
Stripped Warped Stem,stripped_warped_stem,
Structure Block,structure_block,255
Structure Void,structure_void,217
Sugar,sugar,353
Sugar Canes,sugar_cane,338
Sunflower,sunflower,
Suspicious Stew,suspicious_stew,
Sweet Berries,sweet_berries,
Tall Grass,tall_grass,
Target,target,
Terracotta,terracotta,172
Arrow of Fire Resistance (0:22),tipped_arrow,440
Arrow of Fire Resistance (1:00),tipped_arrow,440
Arrow of Harming (Instant Damage II),tipped_arrow,440
Arrow of Harming (Instant Damage),tipped_arrow,440
Arrow of Healing (Instant Health II),tipped_arrow,440
Arrow of Healing (Instant Health),tipped_arrow,440
Arrow of Invisibility (0:22),tipped_arrow,440
Arrow of Invisibility (1:00),tipped_arrow,440
Arrow of Leaping (0:11 - Jump Boost II),tipped_arrow,440
Arrow of Leaping (0:22 - Jump Boost),tipped_arrow,440
Arrow of Leaping (1:00 - Jump Boost),tipped_arrow,440
Arrow of Luck (0:37),tipped_arrow,440
Arrow of Night Vision (0:22),tipped_arrow,440
Arrow of Night Vision (1:00),tipped_arrow,440
Arrow of Poison (0:02 - Poison II),tipped_arrow,440
Arrow of Poison (0:05),tipped_arrow,440
Arrow of Poison (0:11),tipped_arrow,440
Arrow of Regeneration (0:02 - Regeneration II),tipped_arrow,440
Arrow of Regeneration (0:05),tipped_arrow,440
Arrow of Regeneration (0:11),tipped_arrow,440
Arrow of Slow Falling (0:11),tipped_arrow,400
Arrow of Slow Falling (0:30),tipped_arrow,400
Arrow of Slowness (0:01 - Slowness V),tipped_arrow,440
Arrow of Slowness (0:11),tipped_arrow,440
Arrow of Slowness (0:30),tipped_arrow,440
Arrow of Strength (0:11 - Strength II),tipped_arrow,440
Arrow of Strength (0:22),tipped_arrow,440
Arrow of Strength (1:00),tipped_arrow,440
Arrow of Swiftness (0:11 - Speed II),tipped_arrow,440
Arrow of Swiftness (0:22 - Speed),tipped_arrow,440
Arrow of Swiftness (1:00 - Speed),tipped_arrow,440
Arrow of Water Breathing (0:22),tipped_arrow,440
Arrow of Water Breathing (1:00),tipped_arrow,440
Arrow of Weakness (0:11),tipped_arrow,440
Arrow of Weakness (0:30),tipped_arrow,440
"Arrow of the Turtle Master (0:02 - Slowness IV, Resistance III)",tipped_arrow,440
"Arrow of the Turtle Master (0:02 - Slowness VI, Resistance IV)",tipped_arrow,440
"Arrow of the Turtle Master (0:05 - Slowness IV, Resistance III)",tipped_arrow,440
TNT,tnt,46
Minecart with TNT,tnt_minecart,407
Torch,torch,50
Totem of Undying,totem_of_undying,449
Trader Llama Spawn Egg,trader_llama_spawn_egg,
Trapped Chest,trapped_chest,146
Trident,trident,
Tripwire Hook,tripwire_hook,131
Tropical Fish (Clownfish),tropical_fish,
Bucket of Tropical Fish,tropical_fish_bucket,
Tropical Fish Spawn Egg,tropical_fish_spawn_egg,
Tube Coral,tube_coral,
Tube Coral Block,tube_coral_block,
Tube Coral Fan,tube_coral_fan,
Turtle Egg,turtle_egg,
Turtle Shell,turtle_helmet,
Turtle Spawn Egg,turtle_spawn_egg,
Twisting Vines,twisting_vines,
Vex Spawn Egg,vex_spawn_egg,
Villager Spawn Egg,villager_spawn_egg,
Vindicator Spawn Egg,vindicator_spawn_egg,
Vines,vine,106
Wandering Trader Spawn Egg,wandering_trader_spawn_egg,
Warped Button,warped_button,
Warped Door,warped_door,
Warped Fence,warped_fence,
Warped Fence Gate,warped_fence_gate,
Warped Fungus,warped_fungus,
Warped Fungus on a Stick,warped_fungus_on_a_stick,
Warped Hyphae,warped_hyphae,
Warped Nylium,warped_nylium,
Warped Planks,warped_planks,
Warped Pressure Plate,warped_pressure_plate,
Warped Roots,warped_roots,
Warped Sign,warped_sign,
Warped Slab,warped_slab,
Warped Stairs,warped_stairs,
Warped Stem,warped_stem,
Warped Trapdoor,warped_trapdoor,
Warped Wart Block,warped_wart_block,
Water,water,
Water Bucket,water_bucket,326
Weeping Vines,weeping_vines,
Wet Sponge,wet_sponge,
Wheat,wheat,296
Seeds,wheat_seeds,295
White Banner,white_banner,
White Bed,white_bed,
White Carpet,white_carpet,
White Concrete,white_concrete,
White Concrete Powder,white_concrete_powder,
White Dye,white_dye,
White Glazed Terracotta,white_glazed_terracotta,235
White Shulker Box,white_shulker_box,219
White Stained Glass,white_stained_glass,
White Stained Glass Pane,white_stained_glass_pane,
White Terracotta,white_terracotta,
White Tulip,white_tulip,
White Wool,white_wool,
Witch Spawn Egg,witch_spawn_egg,
Wither Rose,wither_rose,
Wither Skeleton Skull,wither_skeleton_skull,
Wither Skeleton Spawn Egg,wither_skeleton_spawn_egg,
Wolf Spawn Egg,wolf_spawn_egg,
Wooden Axe,wooden_axe,271
Wooden Hoe,wooden_hoe,290
Wooden Pickaxe,wooden_pickaxe,270
Wooden Shovel,wooden_shovel,269
Wooden Sword,wooden_sword,268
Book and Quill,writable_book,386
Written Book,written_book,387
Yellow Banner,yellow_banner,
Yellow Bed,yellow_bed,
Yellow Carpet,yellow_carpet,
Yellow Concrete,yellow_concrete,
Yellow Concrete Powder,yellow_concrete_powder,
Yellow Dye,yellow_dye,
Yellow Glazed Terracotta,yellow_glazed_terracotta,239
Yellow Shulker Box,yellow_shulker_box,223
Yellow Stained Glass,yellow_stained_glass,
Yellow Stained Glass Pane,yellow_stained_glass_pane,
Yellow Terracotta,yellow_terracotta,
Yellow Wool,yellow_wool,
Zoglin Spawn Egg,zoglin_spawn_egg,
Zombie Head,zombie_head,
Zombie Horse Spawn Egg,zombie_horse_spawn_egg,
Zombie Spawn Egg,zombie_spawn_egg,
Zombie Villager Spawn Egg,zombie_villager_spawn_egg,
Zombified Piglin Spawn Egg,zombified_piglin_spawn_egg,